LT,PREDICTION
1,1.479840662
2,1.463097993
3,1.446355323
4,1.429612654
5,1.412869984
6,1.396127315
7,1.242589084
8,1.089050853
9,0.935512622
10,0.891811784
11,0.848110946
12,0.804410108
13,0.76070927
14,0.717008432
15,0.673307594
16,0.629606756
17,0.629606756
18,0.629606756
19,0.629606756
20,0.629606756